{
  "total_tumor_volume_cm3": 8383.781,
  "voxel_size_mm": [
    1.0,
    1.0,
    1.0
  ],
  "voxel_volume_cm3": 0.001,
  "classes_found": [
    0,
    1,
    2,
    3
  ],
  "class_details": {
    "1": {
      "name": "Noyau nécrotique/kystique",
      "voxel_count": 7373882,
      "volume_cm3": 7373.8820000000005,
      "percentage": 87.9541342981168
    },
    "2": {
      "name": "Œdème péritumoral",
      "voxel_count": 33121,
      "volume_cm3": 33.121,
      "percentage": 0.39506041486532145
    },
    "3": {
      "name": "Tumeur rehaussée",
      "voxel_count": 976778,
      "volume_cm3": 976.778,
      "percentage": 11.650805287017874
    }
  },
  "processing_info": {
    "timestamp": "2025-05-28T16:07:10.368876",
    "method": "simulation"
  }
}